institutional_sector,consolidation,transaction_type,period,assets_total,assets_currency_deposits,assets_debt_securities,assets_loans_total,assets_short_term_loans,assets_long_term_loans,assets_equity_investment_funds,liabilities_total,liabilities_currency_deposits,liabilities_debt_securities,liabilities_loans_total,liabilities_short_term_loans,liabilities_long_term_loans,liabilities_equity_investment_funds,net_worth
Total domestic sectors,Not consolidated,Opening balance sheet,2015,15505106,1369365,1240803,4435367,1539232,2896135,5855466,15340822,1494812,1896053,3939583,1366796,2572787,5421229,164284
Total domestic sectors,Not consolidated,Opening balance sheet,2016,16216753,1495762,1266850,4563208,1550779,3012429,6343088,16024705,1628950,1878247,4077513,1383275,2694238,5889798,192048
Total domestic sectors,Not consolidated,Opening balance sheet,2017,17412074,1601477,1334250,4743032,1550169,3192863,7012464,17127647,1760581,1947387,4188811,1361649,2827162,6533168,284427
Total domestic sectors,Not consolidated,Opening balance sheet,2018,17622943,1667703,1327998,4770373,1541494,3228879,7260435,17325774,1764977,1832514,4335187,1468569,2866618,6804911,297169
Total domestic sectors,Not consolidated,Opening balance sheet,2019,17406207,1656963,1344479,4791582,1461294,3330288,7035300,17008470,1755655,1858630,4309756,1426741,2883015,6555699,397737
Total domestic sectors,Not consolidated,Opening balance sheet,2020,18527717,1657734,1409590,4757508,1495091,3262417,7714417,17962483,1727018,1934566,4214357,1409649,2804708,7206662,565234
Total domestic sectors,Not consolidated,Opening balance sheet,2021,19020745,1984288,1454733,4659618,1400243,3259375,7622980,18300806,2023966,1987737,4094115,1332140,2761975,7051717,719939
Total domestic sectors,Not consolidated,Opening balance sheet,2022,19833880,2147265,1520749,4924169,1428712,3495457,8078848,19189746,2228247,2037617,4213941,1289583,2924358,7654487,644134
Total domestic sectors,Not consolidated,Opening balance sheet,2023,19338874,2304563,1247150,5115113,1577298,3537815,7633739,18786193,2248972,1867405,4296136,1328551,2967585,7324519,552681
Total domestic sectors,Not consolidated,Opening balance sheet,2024,19249801,2177972,1316513,5083671,1599812,3483859,7599069,18683870,2120990,1924240,4214100,1294614,2919486,7358053,565931
Total domestic sectors,Not consolidated,Opening balance sheet,2025*,19961008,2254507,1404237,5182463,1606703,3575760,7932343,19235682,2184940,1977245,4248431,1261394,2987037,7666280,725326
Total domestic sectors,Not consolidated,Opening balance sheet,2026 1st quarter*,20071265,2385896,1383013,5289006,1644480,3644526,7952676,19512675,2272192,2017659,4322360,1301284,3021076,7834938,558590
Total domestic sectors,Not consolidated,Opening balance sheet,2026 2nd quarter*,20510512,2482062,1437266,5336331,1686355,3649976,7947181,19976342,2368249,2040218,4362587,1324575,3038012,7922838,534170
Total domestic sectors,Not consolidated,Financial transactions,2015,516754,101456,38256,40004,-27341,67345,318128,500215,105441,-34132,73267,-13627,86894,355206,16539
Total domestic sectors,Not consolidated,Financial transactions,2016,746201,105010,39709,120391,-20691,141082,440462,695122,129377,56469,56744,-29975,86719,409008,51079
Total domestic sectors,Not consolidated,Financial transactions,2017,467354,94226,31815,164900,49165,115735,165412,406709,41536,-29652,229714,155087,74627,114216,60645
Total domestic sectors,Not consolidated,Financial transactions,2018,-288535,-18334,23551,-11909,-94003,82094,-324310,-346815,-20243,43845,-61556,-60184,-1372,-303290,58280
Total domestic sectors,Not consolidated,Financial transactions,2019,122942,-3122,21996,-61456,24921,-86377,73872,70686,-35199,8771,-107042,-24628,-82414,119657,52256
Total domestic sectors,Not consolidated,Financial transactions,2020,404824,344287,27821,-29608,-69983,40375,-34477,357893,317722,44789,-76183,-54221,-21962,-50026,46931
Total domestic sectors,Not consolidated,Financial transactions,2021,347226,146644,103573,119091,-9193,128284,-165114,260723,183634,59008,-4911,-76547,71636,-97368,86503
Total domestic sectors,Not consolidated,Financial transactions,2022,590896,147200,-34545,151947,133369,18578,-233857,416351,10226,51255,55288,25631,29657,-208070,174545
Total domestic sectors,Not consolidated,Financial transactions,2023,-32271,-118627,27596,13438,19188,-5750,-296428,-122714,-119663,-6238,-43113,-40412,-2701,-309206,90443
Total domestic sectors,Not consolidated,Financial transactions,2024,509019,66621,88146,67535,-18217,85752,-79923,434281,46394,18574,21231,-37595,58826,-986,74738
Total domestic sectors,Not consolidated,Financial transactions,2025*,872328,163095,26980,170332,66491,103841,-51335,796555,123276,85882,110283,51282,59001,-78183,75773
Total domestic sectors,Not consolidated,Financial transactions,2026 1st quarter*,550446,92849,65089,40870,39608,1262,31491,524443,90931,38995,38420,24477,13943,52414,26003
Total domestic sectors,Not consolidated,Financial transactions,2026 2nd quarter*,80112,15810,4908,22986,44896,-21910,-31208,72206,8890,15584,-27629,-904,-26725,-1280,7906
Total domestic sectors,Not consolidated,Other changes,2015,194893,24941,-12209,87837,38888,48949,169494,183668,28697,16326,64663,30106,34557,113363,11225
Total domestic sectors,Not consolidated,Other changes,2016,449120,705,27691,59433,20081,39352,228914,407820,2254,12671,54554,8349,46205,234362,41300
Total domestic sectors,Not consolidated,Other changes,2017,-256485,-28000,-38067,-137559,-57840,-79719,82559,-208582,-37140,-85221,-83338,-48167,-35171,157527,-47903
Total domestic sectors,Not consolidated,Other changes,2018,71799,7594,-7070,33118,13803,19315,99175,29511,10921,-17729,36125,18356,17769,54078,42288
Total domestic sectors,Not consolidated,Other changes,2019,998568,3893,43115,27382,8876,18506,605245,883327,6562,67165,11643,7536,4107,531306,115241
Total domestic sectors,Not consolidated,Other changes,2020,88204,-17733,17322,-68282,-24865,-43417,-56960,-19570,-20774,8382,-44059,-23288,-20771,-104919,107774
Total domestic sectors,Not consolidated,Other changes,2021,465909,16333,-37557,145460,37662,107798,620982,628217,20647,-9128,124737,33990,90747,700138,-162308
Total domestic sectors,Not consolidated,Other changes,2022,-1085902,10098,-239054,38997,15217,23780,-211252,-819904,10499,-221467,26907,13337,13570,-121898,-265998
Total domestic sectors,Not consolidated,Other changes,2023,-56802,-7964,41767,-44880,3326,-48206,261758,20391,-8319,63073,-38923,6475,-45398,342740,-77193
Total domestic sectors,Not consolidated,Other changes,2024,202188,9914,-422,31257,25108,6149,413197,117531,17556,34431,13100,4375,8725,309213,84657
Total domestic sectors,Not consolidated,Other changes,2025*,-762071,-31706,-48204,-63789,-28714,-35075,71668,-519562,-36024,-45468,-36354,-11392,-24962,246841,-242509
Total domestic sectors,Not consolidated,Other changes,2026 1st quarter*,-111199,3317,-10836,6455,2267,4188,-36986,-60776,5126,-16436,1807,-1186,2993,35486,-50423
Total domestic sectors,Not consolidated,Other changes,2026 2nd quarter*,233045,1911,20129,1805,4513,-2708,271625,473654,2614,35355,-623,554,-1177,482094,-240609
Total domestic sectors,Not consolidated,Price changes and revaluations,2015,190064,24953,-12485,89833,39327,50506,162800,180493,28697,15593,67125,31002,36123,108415,9571
Total domestic sectors,Not consolidated,Price changes and revaluations,2016,408482,-138,28135,23660,20198,3462,228998,366015,1391,13146,17639,8466,9173,234330,42467
Total domestic sectors,Not consolidated,Price changes and revaluations,2017,-233739,-28000,-38240,-114581,-55405,-59176,84539,-184247,-37140,-63331,-80980,-42675,-38305,158751,-49492
Total domestic sectors,Not consolidated,Price changes and revaluations,2018,80994,7833,-8190,37640,17318,20322,98151,39884,10914,-17833,41518,21165,20353,53071,41110
Total domestic sectors,Not consolidated,Price changes and revaluations,2019,1022841,5162,42958,28226,8971,19255,624266,903484,6562,67165,15632,7965,7667,544191,119357
Total domestic sectors,Not consolidated,Price changes and revaluations,2020,102420,-19363,17329,-71147,-28450,-42697,-73076,-9842,-20774,-13292,-43124,-22899,-20225,-109109,112262
Total domestic sectors,Not consolidated,Price changes and revaluations,2021,418696,16333,-37530,46510,17118,29392,672884,578204,20647,-9138,25729,13449,12280,749335,-159508
Total domestic sectors,Not consolidated,Price changes and revaluations,2022,-1104815,10098,-238974,38611,15353,23258,-218389,-837931,10499,-221461,26505,13473,13032,-128062,-266884
Total domestic sectors,Not consolidated,Price changes and revaluations,2023,-54324,-7634,42074,-19390,-11547,-7843,239953,8202,-8319,63073,-15915,-7255,-8660,309316,-62526
Total domestic sectors,Not consolidated,Price changes and revaluations,2024,220660,11753,155,28802,15698,13104,431939,141553,17556,45251,13125,4473,8652,322629,79107
Total domestic sectors,Not consolidated,Price changes and revaluations,2025*,-765700,-24400,-48026,-70931,-35884,-35047,69788,-522154,-36024,-45467,-36227,-11312,-24915,246212,-243546
Total domestic sectors,Not consolidated,Price changes and revaluations,2026 1st quarter*,-106994,4447,-10798,9271,5026,4245,-36765,-56707,6256,-16436,4610,1573,3037,35622,-50287
Total domestic sectors,Not consolidated,Price changes and revaluations,2026 2nd quarter*,222322,2128,20108,6362,3049,3313,256149,462894,2831,35355,3927,779,3148,466567,-240572
Total domestic sectors,Not consolidated,Other volume changes,2015,4829,-12,276,-1996,-439,-1557,6694,3175,0,733,-2462,-896,-1566,4948,1654
Total domestic sectors,Not consolidated,Other volume changes,2016,40638,843,-444,35773,-117,35890,-84,41805,863,-475,36915,-117,37032,32,-1167
Total domestic sectors,Not consolidated,Other volume changes,2017,-22746,0,173,-22978,-2435,-20543,-1980,-24335,0,-21890,-2358,-5492,3134,-1224,1589
Total domestic sectors,Not consolidated,Other volume changes,2018,-9195,-239,1120,-4522,-3515,-1007,1024,-10373,7,104,-5393,-2809,-2584,1007,1178
Total domestic sectors,Not consolidated,Other volume changes,2019,-24273,-1269,157,-844,-95,-749,-19021,-20157,0,0,-3989,-429,-3560,-12885,-4116
Total domestic sectors,Not consolidated,Other volume changes,2020,-14216,1630,-7,2865,3585,-720,16116,-9728,0,21674,-935,-389,-546,4190,-4488
Total domestic sectors,Not consolidated,Other volume changes,2021,47213,0,-27,98950,20544,78406,-51902,50013,0,10,99008,20541,78467,-49197,-2800
Total domestic sectors,Not consolidated,Other volume changes,2022,18913,0,-80,386,-136,522,7137,18027,0,-6,402,-136,538,6164,886
Total domestic sectors,Not consolidated,Other volume changes,2023,-2478,-330,-307,-25490,14873,-40363,21805,12189,0,0,-23008,13730,-36738,33424,-14667
Total domestic sectors,Not consolidated,Other volume changes,2024,-18472,-1839,-577,2455,9410,-6955,-18742,-24022,0,-10820,-25,-98,73,-13416,5550
Total domestic sectors,Not consolidated,Other volume changes,2025*,3629,-7306,-178,7142,7170,-28,1880,2592,0,-1,-127,-80,-47,629,1037
Total domestic sectors,Not consolidated,Other volume changes,2026 1st quarter*,-4205,-1130,-38,-2816,-2759,-57,-221,-4069,-1130,0,-2803,-2759,-44,-136,-136
Total domestic sectors,Not consolidated,Other volume changes,2026 2nd quarter*,10723,-217,21,-4557,1464,-6021,15476,10760,-217,0,-4550,-225,-4325,15527,-37
Total domestic sectors,Not consolidated,Closing balance sheet,2015,16216753,1495762,1266850,4563208,1550779,3012429,6343088,16024705,1628950,1878247,4077513,1383275,2694238,5889798,192048
Total domestic sectors,Not consolidated,Closing balance sheet,2016,17412074,1601477,1334250,4743032,1550169,3192863,7012464,17127647,1760581,1947387,4188811,1361649,2827162,6533168,284427
Total domestic sectors,Not consolidated,Closing balance sheet,2017,17622943,1667703,1327998,4770373,1541494,3228879,7260435,17325774,1764977,1832514,4335187,1468569,2866618,6804911,297169
Total domestic sectors,Not consolidated,Closing balance sheet,2018,17406207,1656963,1344479,4791582,1461294,3330288,7035300,17008470,1755655,1858630,4309756,1426741,2883015,6555699,397737
Total domestic sectors,Not consolidated,Closing balance sheet,2019,18527717,1657734,1409590,4757508,1495091,3262417,7714417,17962483,1727018,1934566,4214357,1409649,2804708,7206662,565234
Total domestic sectors,Not consolidated,Closing balance sheet,2020,19020745,1984288,1454733,4659618,1400243,3259375,7622980,18300806,2023966,1987737,4094115,1332140,2761975,7051717,719939
Total domestic sectors,Not consolidated,Closing balance sheet,2021,19833880,2147265,1520749,4924169,1428712,3495457,8078848,19189746,2228247,2037617,4213941,1289583,2924358,7654487,644134
Total domestic sectors,Not consolidated,Closing balance sheet,2022,19338874,2304563,1247150,5115113,1577298,3537815,7633739,18786193,2248972,1867405,4296136,1328551,2967585,7324519,552681
Total domestic sectors,Not consolidated,Closing balance sheet,2023,19249801,2177972,1316513,5083671,1599812,3483859,7599069,18683870,2120990,1924240,4214100,1294614,2919486,7358053,565931
Total domestic sectors,Not consolidated,Closing balance sheet,2024,19961008,2254507,1404237,5182463,1606703,3575760,7932343,19235682,2184940,1977245,4248431,1261394,2987037,7666280,725326
Total domestic sectors,Not consolidated,Closing balance sheet,2025*,20071265,2385896,1383013,5289006,1644480,3644526,7952676,19512675,2272192,2017659,4322360,1301284,3021076,7834938,558590
Total domestic sectors,Not consolidated,Closing balance sheet,2026 1st quarter*,20510512,2482062,1437266,5336331,1686355,3649976,7947181,19976342,2368249,2040218,4362587,1324575,3038012,7922838,534170
Total domestic sectors,Not consolidated,Closing balance sheet,2026 2nd quarter*,20823669,2499783,1462303,5361122,1735764,3625358,8187598,20522202,2379753,2091157,4334335,1324225,3010110,8403652,301467
The non-financial corporations sector,Not consolidated,Opening balance sheet,2015,2599176,219646,14030,890071,391943,498128,1253416,3653437,,76017,1455946,535417,920529,1907178,-1054261
The non-financial corporations sector,Not consolidated,Opening balance sheet,2016,2846164,228851,12311,988622,416371,572251,1389958,3945437,,81042,1507804,536410,971394,2141029,-1099273
The non-financial corporations sector,Not consolidated,Opening balance sheet,2017,3095971,242493,9197,1083067,429577,653490,1518188,4215228,,115515,1550318,520083,1030235,2323114,-1119257
The non-financial corporations sector,Not consolidated,Opening balance sheet,2018,3198502,254336,8012,1166395,468002,698393,1519241,4351719,,123245,1597975,530402,1067573,2406023,-1153217
The non-financial corporations sector,Not consolidated,Opening balance sheet,2019,3293461,261353,9006,1180639,461478,719161,1588282,4379176,,130075,1618298,547800,1070498,2402307,-1085715
The non-financial corporations sector,Not consolidated,Opening balance sheet,2020,3382103,263120,6134,1207003,451901,755102,1657335,4590810,,135783,1610681,522721,1087960,2614983,-1208707
The non-financial corporations sector,Not consolidated,Opening balance sheet,2021,3397913,325822,6608,1210435,432457,777978,1609700,4608804,,151612,1605050,499439,1105611,2613503,-1210891
The non-financial corporations sector,Not consolidated,Opening balance sheet,2022,3897520,381394,6271,1304919,468693,836226,1914025,5330653,,157878,1736049,581598,1154451,3169701,-1433133
The non-financial corporations sector,Not consolidated,Opening balance sheet,2023,4151387,392539,7153,1392843,543904,848939,2045378,5403089,,163663,1822381,645844,1176537,3124926,-1251702
The non-financial corporations sector,Not consolidated,Opening balance sheet,2024,3980193,380521,7706,1426951,605465,821486,1853249,5396130,,180357,1797976,675252,1122724,3140830,-1415937
The non-financial corporations sector,Not consolidated,Opening balance sheet,2025*,4079190,399535,9018,1414333,580310,834023,1939250,5519037,,187301,1797419,659286,1138133,3256872,-1439847
The non-financial corporations sector,Not consolidated,Opening balance sheet,2026 1st quarter*,4052975,402667,7523,1401909,583852,818057,1922773,5640682,,184741,1798575,670236,1128339,3378225,-1587707
The non-financial corporations sector,Not consolidated,Opening balance sheet,2026 2nd quarter*,4091196,399255,9955,1399086,576598,822488,1953820,5750812,,186524,1816358,681066,1135292,3475014,-1659616
The non-financial corporations sector,Not consolidated,Financial transactions,2015,195567,6261,-1781,61635,9864,51771,120979,202636,,1958,12174,-14285,26459,188024,-7069
The non-financial corporations sector,Not consolidated,Financial transactions,2016,246397,12510,-873,85970,7463,78507,132711,230557,,38391,33670,-22109,55779,145987,15840
The non-financial corporations sector,Not consolidated,Financial transactions,2017,183561,17064,-981,119173,57861,61312,39821,148574,,14511,92161,31613,60548,38025,34987
The non-financial corporations sector,Not consolidated,Financial transactions,2018,47590,5883,1080,2947,-9849,12796,32192,27375,,12721,5773,14527,-8754,4104,20215
The non-financial corporations sector,Not consolidated,Financial transactions,2019,62301,1040,-2929,23767,-11522,35289,48318,45829,,5478,-12103,-27362,15259,52380,16472
The non-financial corporations sector,Not consolidated,Financial transactions,2020,84284,28805,879,16688,-15918,32606,41878,51627,,14934,-8085,-18867,10782,36232,32657
The non-financial corporations sector,Not consolidated,Financial transactions,2021,196401,51291,616,20357,15125,5232,85978,152938,,7544,42286,48253,-5967,74867,43463
The non-financial corporations sector,Not consolidated,Financial transactions,2022,165761,9149,1328,74855,74615,240,59938,51646,,20217,74738,60008,14730,-66753,114115
The non-financial corporations sector,Not consolidated,Financial transactions,2023,36351,-9918,568,48606,53470,-4864,-8479,3068,,8978,31599,30816,783,-26991,33283
The non-financial corporations sector,Not consolidated,Financial transactions,2024,57306,17750,1096,-16744,-26616,9872,48132,21320,,-2248,-6102,-18640,12538,28340,35986
The non-financial corporations sector,Not consolidated,Financial transactions,2025*,53123,7927,-1093,-1664,7251,-8915,48109,17996,,2826,12648,15548,-2900,1624,35127
The non-financial corporations sector,Not consolidated,Financial transactions,2026 1st quarter*,33958,-3972,2285,-3115,-7315,4200,28051,20810,,4324,16907,10193,6714,4914,13148
The non-financial corporations sector,Not consolidated,Financial transactions,2026 2nd quarter*,34929,15660,-432,65,10274,-10209,11932,40634,,4439,13845,18613,-4768,15883,-5705
The non-financial corporations sector,Not consolidated,Other changes,2015,51421,2944,62,36916,14564,22352,15563,89364,,3067,39684,15278,24406,45827,-37943
The non-financial corporations sector,Not consolidated,Other changes,2016,3410,1132,-2241,8475,5743,2732,-4481,39234,,-3918,8844,5782,3062,36098,-35824
The non-financial corporations sector,Not consolidated,Other changes,2017,-81030,-5221,-204,-35845,-19436,-16409,-38768,-12083,,-6781,-44504,-21294,-23210,44884,-68947
The non-financial corporations sector,Not consolidated,Other changes,2018,47369,1134,-86,11297,3325,7972,36849,82,,-5891,14550,2871,11679,-7820,47287
The non-financial corporations sector,Not consolidated,Other changes,2019,26341,727,57,2597,1945,652,20735,165805,,230,4486,2283,2203,160296,-139464
The non-financial corporations sector,Not consolidated,Other changes,2020,-68474,33897,-405,-13256,-3526,-9730,-89513,-33633,,895,2454,-4415,6869,-37712,-34841
The non-financial corporations sector,Not consolidated,Other changes,2021,303206,4281,-953,74127,21111,53016,218347,568911,,-1278,88713,33906,54807,481331,-265705
The non-financial corporations sector,Not consolidated,Other changes,2022,88106,1996,-446,13069,596,12473,71415,20790,,-14432,11594,4238,7356,21978,67316
The non-financial corporations sector,Not consolidated,Other changes,2023,-207545,-2100,-15,-14498,8091,-22589,-183650,-10027,,7716,-56004,-1408,-54596,42895,-197518
The non-financial corporations sector,Not consolidated,Other changes,2024,41691,1264,216,4126,1461,2665,37869,101587,,9192,5545,2674,2871,87702,-59896
The non-financial corporations sector,Not consolidated,Other changes,2025*,-79338,-4795,-402,-10760,-3709,-7051,-64586,103649,,-5386,-11492,-4598,-6894,119729,-182987
The non-financial corporations sector,Not consolidated,Other changes,2026 1st quarter*,4263,560,147,292,61,231,2996,89320,,-2541,876,637,239,91875,-85057
The non-financial corporations sector,Not consolidated,Other changes,2026 2nd quarter*,-3906,61,-70,-7142,4276,-11418,2176,340962,,-2858,332,4382,-4050,343167,-344868
The non-financial corporations sector,Not consolidated,Price changes and revaluations,2015,51534,2921,62,34284,14066,20218,15563,88024,,815,41194,15905,25289,45464,-36490
The non-financial corporations sector,Not consolidated,Price changes and revaluations,2016,2166,-249,-2091,8476,5743,2733,-4481,40106,,-3918,9895,5577,4318,35957,-37940
The non-financial corporations sector,Not consolidated,Price changes and revaluations,2017,-82832,-5149,-204,-35753,-19436,-16317,-40608,-12173,,-6792,-42736,-20695,-22041,43044,-70659
The non-financial corporations sector,Not consolidated,Price changes and revaluations,2018,43594,1175,-86,11229,3324,7905,33092,-2085,,-6141,15461,3071,12390,-10805,45679
The non-financial corporations sector,Not consolidated,Price changes and revaluations,2019,26325,688,57,2597,1945,652,20735,166291,,230,4950,2510,2440,160309,-139966
The non-financial corporations sector,Not consolidated,Price changes and revaluations,2020,-109625,-3147,-405,-13260,-3526,-9734,-93710,-51528,,895,-10927,-4215,-6712,-42248,-58097
The non-financial corporations sector,Not consolidated,Price changes and revaluations,2021,134710,3119,-1014,10154,-985,11139,115698,388033,,-188,8317,1687,6630,380039,-253323
The non-financial corporations sector,Not consolidated,Price changes and revaluations,2022,90545,2586,-362,12837,476,12361,73422,22032,,-14426,11083,4251,6832,23725,68513
The non-financial corporations sector,Not consolidated,Price changes and revaluations,2023,-15407,-1769,-15,-7301,-2242,-5059,874,169208,,8634,-5515,-901,-4614,170674,-184615
The non-financial corporations sector,Not consolidated,Price changes and revaluations,2024,41716,1837,216,3580,1522,2058,37937,101509,,9192,5545,2674,2871,87702,-59793
The non-financial corporations sector,Not consolidated,Price changes and revaluations,2025*,-80717,-3795,-402,-11257,-3727,-7530,-66468,103594,,-5385,-11492,-4598,-6894,119673,-184311
The non-financial corporations sector,Not consolidated,Price changes and revaluations,2026 1st quarter*,3815,560,147,-141,57,-198,2981,89322,,-2541,876,637,239,91877,-85507
The non-financial corporations sector,Not consolidated,Price changes and revaluations,2026 2nd quarter*,2905,61,-70,-340,-56,-284,2185,347744,,3924,332,171,161,343167,-344839
The non-financial corporations sector,Not consolidated,Other volume changes,2015,-113,23,0,2632,498,2134,0,1340,,2252,-1510,-627,-883,363,-1453
The non-financial corporations sector,Not consolidated,Other volume changes,2016,1244,1381,-150,-1,0,-1,0,-872,,0,-1051,205,-1256,141,2116
The non-financial corporations sector,Not consolidated,Other volume changes,2017,1802,-72,0,-92,0,-92,1840,90,,11,-1768,-599,-1169,1840,1712
The non-financial corporations sector,Not consolidated,Other volume changes,2018,3775,-41,0,68,1,67,3757,2167,,250,-911,-200,-711,2985,1608
The non-financial corporations sector,Not consolidated,Other volume changes,2019,16,39,0,0,0,0,0,-486,,0,-464,-227,-237,-13,502
The non-financial corporations sector,Not consolidated,Other volume changes,2020,41151,37044,0,4,0,4,4197,17895,,0,13381,-200,13581,4536,23256
The non-financial corporations sector,Not consolidated,Other volume changes,2021,168496,1162,61,63973,22096,41877,102649,180878,,-1090,80396,32219,48177,101292,-12382
The non-financial corporations sector,Not consolidated,Other volume changes,2022,-2439,-590,-84,232,120,112,-2007,-1242,,-6,511,-13,524,-1747,-1197
The non-financial corporations sector,Not consolidated,Other volume changes,2023,-192138,-331,0,-7197,10333,-17530,-184524,-179235,,-918,-50489,-507,-49982,-127779,-12903
The non-financial corporations sector,Not consolidated,Other volume changes,2024,-25,-573,0,546,-61,607,-68,78,,0,0,0,0,0,-103
The non-financial corporations sector,Not consolidated,Other volume changes,2025*,1379,-1000,0,497,18,479,1882,55,,-1,0,0,0,56,1324
The non-financial corporations sector,Not consolidated,Other volume changes,2026 1st quarter*,448,0,0,433,4,429,15,-2,,0,0,0,0,-2,450
The non-financial corporations sector,Not consolidated,Other volume changes,2026 2nd quarter*,-6811,0,0,-6802,4332,-11134,-9,-6782,,-6782,0,4211,-4211,0,-29
The non-financial corporations sector,Not consolidated,Closing balance sheet,2015,2846164,228851,12311,988622,416371,572251,1389958,3945437,,81042,1507804,536410,971394,2141029,-1099273
The non-financial corporations sector,Not consolidated,Closing balance sheet,2016,3095971,242493,9197,1083067,429577,653490,1518188,4215228,,115515,1550318,520083,1030235,2323114,-1119257
The non-financial corporations sector,Not consolidated,Closing balance sheet,2017,3198502,254336,8012,1166395,468002,698393,1519241,4351719,,123245,1597975,530402,1067573,2406023,-1153217
The non-financial corporations sector,Not consolidated,Closing balance sheet,2018,3293461,261353,9006,1180639,461478,719161,1588282,4379176,,130075,1618298,547800,1070498,2402307,-1085715
The non-financial corporations sector,Not consolidated,Closing balance sheet,2019,3382103,263120,6134,1207003,451901,755102,1657335,4590810,,135783,1610681,522721,1087960,2614983,-1208707
The non-financial corporations sector,Not consolidated,Closing balance sheet,2020,3397913,325822,6608,1210435,432457,777978,1609700,4608804,,151612,1605050,499439,1105611,2613503,-1210891
The non-financial corporations sector,Not consolidated,Closing balance sheet,2021,3897520,381394,6271,1304919,468693,836226,1914025,5330653,,157878,1736049,581598,1154451,3169701,-1433133
The non-financial corporations sector,Not consolidated,Closing balance sheet,2022,4151387,392539,7153,1392843,543904,848939,2045378,5403089,,163663,1822381,645844,1176537,3124926,-1251702
The non-financial corporations sector,Not consolidated,Closing balance sheet,2023,3980193,380521,7706,1426951,605465,821486,1853249,5396130,,180357,1797976,675252,1122724,3140830,-1415937
The non-financial corporations sector,Not consolidated,Closing balance sheet,2024,4079190,399535,9018,1414333,580310,834023,1939250,5519037,,187301,1797419,659286,1138133,3256872,-1439847
The non-financial corporations sector,Not consolidated,Closing balance sheet,2025*,4052975,402667,7523,1401909,583852,818057,1922773,5640682,,184741,1798575,670236,1128339,3378225,-1587707
The non-financial corporations sector,Not consolidated,Closing balance sheet,2026 1st quarter*,4091196,399255,9955,1399086,576598,822488,1953820,5750812,,186524,1816358,681066,1135292,3475014,-1659616
The non-financial corporations sector,Not consolidated,Closing balance sheet,2026 2nd quarter*,4122219,414976,9453,1392009,591148,800861,1967928,6132408,,188105,1830535,704061,1126474,3834064,-2010189
Financial corporations,Not consolidated,Opening balance sheet,2015,10202999,709599,1204575,3432399,1109417,2322982,4036207,10171500,1474503,1399939,1524122,723394,800728,3513435,31499
Financial corporations,Not consolidated,Opening balance sheet,2016,10555385,815669,1234917,3463935,1096921,2367014,4362618,10551910,1601205,1391672,1593726,737802,855924,3748122,3475
Financial corporations,Not consolidated,Opening balance sheet,2017,11318041,893536,1306492,3557664,1086603,2471061,4859619,11372982,1727383,1425497,1652330,738671,913659,4209446,-54941
Financial corporations,Not consolidated,Opening balance sheet,2018,11422280,935937,1302872,3500687,1041103,2459584,5090518,11439472,1730702,1322167,1739058,840634,898424,4398232,-17192
Financial corporations,Not consolidated,Opening balance sheet,2019,11057680,906864,1317451,3506868,969786,2537082,4794961,11086083,1718075,1350399,1679891,788426,891465,4152664,-28403
Financial corporations,Not consolidated,Opening balance sheet,2020,11759863,875254,1386450,3447519,1016661,2430858,5362159,11806633,1683136,1425368,1572118,797986,774132,4590836,-46770
Financial corporations,Not consolidated,Opening balance sheet,2021,11914896,1082936,1431549,3343040,942281,2400759,5284451,12033919,1974088,1411265,1436044,749758,686286,4437291,-119023
Financial corporations,Not consolidated,Opening balance sheet,2022,12185390,1147671,1497397,3512520,936840,2575680,5347719,12138871,2165262,1448731,1394241,634201,760040,4483465,46519
Financial corporations,Not consolidated,Opening balance sheet,2023,11804680,1242930,1221498,3608533,1006624,2601909,4797490,11660723,2178131,1319809,1356114,612258,743856,4197820,143957
Financial corporations,Not consolidated,Opening balance sheet,2024,11680473,1102026,1291193,3559724,988208,2571516,4901247,11549603,2044326,1350479,1305125,561601,743524,4214866,130870
Financial corporations,Not consolidated,Opening balance sheet,2025*,12040893,1108815,1375479,3655175,1021747,2633428,5077924,11906680,2088176,1392921,1300457,545157,755300,4406304,134213
Financial corporations,Not consolidated,Opening balance sheet,2026 1st quarter*,12193057,1173479,1358062,3760214,1056024,2704190,5024651,11968312,2162122,1424365,1311911,560686,751225,4453109,224745
Financial corporations,Not consolidated,Opening balance sheet,2026 2nd quarter*,12414095,1265833,1408050,3804281,1099051,2705230,4970289,12304999,2254278,1449870,1321990,572001,749989,4444220,109096
Financial corporations,Not consolidated,Financial transactions,2015,299933,84224,42631,-19045,-36817,17772,193632,281780,98005,-26005,44927,361,44566,167152,18153
Financial corporations,Not consolidated,Financial transactions,2016,469155,78191,41759,39044,-24715,63759,299784,456980,123924,21827,12822,-2017,14839,262999,12175
Financial corporations,Not consolidated,Financial transactions,2017,260511,64850,34674,44587,-7161,51748,128253,251794,40459,-34670,124830,128498,-3668,76149,8717
Financial corporations,Not consolidated,Financial transactions,2018,-363602,-35396,21373,-15687,-81787,66100,-355613,-382895,-23541,40055,-80476,-67859,-12617,-307430,19293
Financial corporations,Not consolidated,Financial transactions,2019,17667,-34736,26458,-84079,39944,-124023,34198,10963,-41501,15985,-115191,4128,-119319,67157,6704
Financial corporations,Not consolidated,Financial transactions,2020,219889,259031,27160,-49675,-53033,3358,-72120,217162,311726,-17089,-89861,-29542,-60319,-86326,2727
Financial corporations,Not consolidated,Financial transactions,2021,55818,52943,102364,98174,-21992,120166,-268084,29912,170527,29909,-77887,-115691,37804,-172543,25906
Financial corporations,Not consolidated,Financial transactions,2022,329872,87524,-38402,70123,55163,14960,-291245,284310,2370,827,-53535,-31166,-22369,-141872,45562
Financial corporations,Not consolidated,Financial transactions,2023,-88273,-135232,27618,-18011,-13189,-4822,-272030,-125283,-125486,-8255,-68163,-58633,-9530,-282837,37010
Financial corporations,Not consolidated,Financial transactions,2024,353230,-1560,85233,68428,9892,58536,-126534,337049,26294,12957,-12242,-18239,5997,-30096,16181
Financial corporations,Not consolidated,Financial transactions,2025*,699194,91295,30230,157892,59282,98610,-108483,675627,109970,62566,36155,22230,13925,-80307,23567
Financial corporations,Not consolidated,Financial transactions,2026 1st quarter*,374699,89645,60861,37930,40821,-2891,2215,484442,87030,37059,9134,13123,-3989,47500,-109743
Financial corporations,Not consolidated,Financial transactions,2026 2nd quarter*,2462,-33330,4395,27354,39500,-12146,-52023,8062,-2001,-1864,-44638,-9743,-34895,-17163,-5600
Financial corporations,Not consolidated,Other changes,2015,52453,21846,-12289,50581,24321,26260,132779,98630,28697,17738,24677,14047,10630,67535,-46177
Financial corporations,Not consolidated,Other changes,2016,293501,-324,29816,54685,14397,40288,197217,364092,2254,11998,45782,2886,42896,198325,-70591
Financial corporations,Not consolidated,Other changes,2017,-156272,-22449,-38294,-101564,-38339,-63225,102646,-185304,-37140,-68660,-38102,-26535,-11567,112637,29032
Financial corporations,Not consolidated,Other changes,2018,-998,6323,-6794,21868,10470,11398,60056,29506,10914,-11823,21309,15651,5658,61862,-30504
Financial corporations,Not consolidated,Other changes,2019,684516,3126,42541,24730,6931,17799,533000,709587,6562,58984,7418,5432,1986,371015,-25071
Financial corporations,Not consolidated,Other changes,2020,-64856,-51349,17939,-54804,-21347,-33457,-5588,10124,-20774,2986,-46213,-18686,-27527,-67219,-74980
Financial corporations,Not consolidated,Other changes,2021,214676,11792,-36516,71306,16551,54755,331352,75040,20647,7557,36084,134,35950,218717,139636
Financial corporations,Not consolidated,Other changes,2022,-710582,7735,-237497,25890,14621,11269,-258984,-762458,10499,-129749,15408,9223,6185,-143773,51876
Financial corporations,Not consolidated,Other changes,2023,-35934,-5672,42077,-30798,-5227,-25571,375787,14163,-8319,38925,17174,7976,9198,299883,-50097
Financial corporations,Not consolidated,Other changes,2024,7190,8349,-947,27023,23647,3376,303211,20028,17556,29485,7574,1795,5779,221534,-12838
Financial corporations,Not consolidated,Other changes,2025*,-547030,-26631,-47647,-52853,-25005,-27848,55210,-613995,-36024,-31122,-24701,-6701,-18000,127112,66965
Financial corporations,Not consolidated,Other changes,2026 1st quarter*,-153661,2709,-10873,6137,2206,3931,-56577,-147755,5126,-11554,945,-1808,2753,-56389,-5906
Financial corporations,Not consolidated,Other changes,2026 2nd quarter*,159348,1824,20176,8935,237,8698,238511,128854,2614,34356,-925,-3805,2880,138927,30494
Financial corporations,Not consolidated,Price changes and revaluations,2015,51116,21858,-12712,55548,25261,30287,126763,97083,28697,19312,25837,15075,10762,62950,-45967
Financial corporations,Not consolidated,Price changes and revaluations,2016,254427,59,30106,15180,14455,725,198012,318898,1391,10090,7711,2886,4825,198377,-64471
Financial corporations,Not consolidated,Price changes and revaluations,2017,-129792,-22449,-38294,-78823,-35969,-42854,106466,-161326,-37140,-46759,-38076,-21930,-16146,115701,31534
Financial corporations,Not consolidated,Price changes and revaluations,2018,911,6569,-7930,26411,13994,12417,58009,42150,10914,-11677,26021,18093,7928,63870,-41239
Financial corporations,Not consolidated,Price changes and revaluations,2019,705536,4395,42394,25626,7026,18600,552008,728875,6562,58984,10643,5436,5207,383887,-23339
Financial corporations,Not consolidated,Price changes and revaluations,2020,-44145,-15979,17939,-57765,-24924,-32841,-17467,37256,-20774,-18688,-32161,-18682,-13479,-66873,-81401
Financial corporations,Not consolidated,Price changes and revaluations,2021,335883,12976,-36462,36302,18103,18199,485903,205789,20647,6457,17368,11750,5618,369206,130094
Financial corporations,Not consolidated,Price changes and revaluations,2022,-720146,7135,-237497,25729,14877,10852,-267787,-781896,10499,-129749,15405,9222,6183,-151684,61750
Financial corporations,Not consolidated,Price changes and revaluations,2023,-227096,-5673,42077,-12497,-9767,-2730,168271,-177374,-8319,38007,-10403,-6350,-4053,138680,-49722
Financial corporations,Not consolidated,Price changes and revaluations,2024,25557,9779,-595,25114,14176,10938,321791,44262,17556,40305,7574,1795,5779,234950,-18705
Financial corporations,Not consolidated,Price changes and revaluations,2025*,-549469,-20325,-47654,-59498,-32157,-27341,55208,-616659,-36024,-31122,-24701,-6701,-18000,126539,67190
Financial corporations,Not consolidated,Price changes and revaluations,2026 1st quarter*,-149148,3839,-10873,9386,4969,4417,-56443,-143710,6256,-11554,3726,932,2794,-56255,-5438
Financial corporations,Not consolidated,Price changes and revaluations,2026 2nd quarter*,141852,2041,20176,6690,3105,3585,223043,111281,2831,27574,3594,606,2988,123400,30571
Financial corporations,Not consolidated,Other volume changes,2015,1337,-12,423,-4967,-940,-4027,6016,1547,0,-1574,-1160,-1028,-132,4585,-210
Financial corporations,Not consolidated,Other volume changes,2016,39074,-383,-290,39505,-58,39563,-795,45194,863,1908,38071,0,38071,-52,-6120
Financial corporations,Not consolidated,Other volume changes,2017,-26480,0,0,-22741,-2370,-20371,-3820,-23978,0,-21901,-26,-4605,4579,-3064,-2502
Financial corporations,Not consolidated,Other volume changes,2018,-1909,-246,1136,-4543,-3524,-1019,2047,-12644,0,-146,-4712,-2442,-2270,-2008,10735
Financial corporations,Not consolidated,Other volume changes,2019,-21020,-1269,147,-896,-95,-801,-19008,-19288,0,0,-3225,-4,-3221,-12872,-1732
Financial corporations,Not consolidated,Other volume changes,2020,-20711,-35370,0,2961,3577,-616,11879,-27132,0,21674,-14052,-4,-14048,-346,6421
Financial corporations,Not consolidated,Other volume changes,2021,-121207,-1184,-54,35004,-1552,36556,-154551,-130749,0,1100,18716,-11616,30332,-150489,9542
Financial corporations,Not consolidated,Other volume changes,2022,9564,600,0,161,-256,417,8803,19438,0,0,3,1,2,7911,-9874
Financial corporations,Not consolidated,Other volume changes,2023,191162,1,0,-18301,4540,-22841,207516,191537,0,918,27577,14326,13251,161203,-375
Financial corporations,Not consolidated,Other volume changes,2024,-18367,-1430,-352,1909,9471,-7562,-18580,-24234,0,-10820,0,0,0,-13416,5867
Financial corporations,Not consolidated,Other volume changes,2025*,2439,-6306,7,6645,7152,-507,2,2664,0,0,0,0,0,573,-225
Financial corporations,Not consolidated,Other volume changes,2026 1st quarter*,-4513,-1130,0,-3249,-2763,-486,-134,-4045,-1130,0,-2781,-2740,-41,-134,-468
Financial corporations,Not consolidated,Other volume changes,2026 2nd quarter*,17496,-217,0,2245,-2868,5113,15468,17573,-217,6782,-4519,-4411,-108,15527,-77
Financial corporations,Not consolidated,Closing balance sheet,2015,10555385,815669,1234917,3463935,1096921,2367014,4362618,10551910,1601205,1391672,1593726,737802,855924,3748122,3475
Financial corporations,Not consolidated,Closing balance sheet,2016,11318041,893536,1306492,3557664,1086603,2471061,4859619,11372982,1727383,1425497,1652330,738671,913659,4209446,-54941
Financial corporations,Not consolidated,Closing balance sheet,2017,11422280,935937,1302872,3500687,1041103,2459584,5090518,11439472,1730702,1322167,1739058,840634,898424,4398232,-17192
Financial corporations,Not consolidated,Closing balance sheet,2018,11057680,906864,1317451,3506868,969786,2537082,4794961,11086083,1718075,1350399,1679891,788426,891465,4152664,-28403
Financial corporations,Not consolidated,Closing balance sheet,2019,11759863,875254,1386450,3447519,1016661,2430858,5362159,11806633,1683136,1425368,1572118,797986,774132,4590836,-46770
Financial corporations,Not consolidated,Closing balance sheet,2020,11914896,1082936,1431549,3343040,942281,2400759,5284451,12033919,1974088,1411265,1436044,749758,686286,4437291,-119023
Financial corporations,Not consolidated,Closing balance sheet,2021,12185390,1147671,1497397,3512520,936840,2575680,5347719,12138871,2165262,1448731,1394241,634201,760040,4483465,46519
Financial corporations,Not consolidated,Closing balance sheet,2022,11804680,1242930,1221498,3608533,1006624,2601909,4797490,11660723,2178131,1319809,1356114,612258,743856,4197820,143957
Financial corporations,Not consolidated,Closing balance sheet,2023,11680473,1102026,1291193,3559724,988208,2571516,4901247,11549603,2044326,1350479,1305125,561601,743524,4214866,130870
Financial corporations,Not consolidated,Closing balance sheet,2024,12040893,1108815,1375479,3655175,1021747,2633428,5077924,11906680,2088176,1392921,1300457,545157,755300,4406304,134213
Financial corporations,Not consolidated,Closing balance sheet,2025*,12193057,1173479,1358062,3760214,1056024,2704190,5024651,11968312,2162122,1424365,1311911,560686,751225,4453109,224745
Financial corporations,Not consolidated,Closing balance sheet,2026 1st quarter*,12414095,1265833,1408050,3804281,1099051,2705230,4970289,12304999,2254278,1449870,1321990,572001,749989,4444220,109096
Financial corporations,Not consolidated,Closing balance sheet,2026 2nd quarter*,12575905,1234327,1432621,3840570,1138788,2701782,5156777,12441915,2254891,1482362,1276427,558453,717974,4565984,133990
General government,Not consolidated,Opening balance sheet,2015,346605,32167,12516,102822,37492,65330,91825,658376,20309,420097,140192,62349,77843,616,-311771
General government,Not consolidated,Opening balance sheet,2016,347220,38405,11571,100462,36984,63478,98951,656285,27745,405533,143038,63309,79729,647,-309065
General government,Not consolidated,Opening balance sheet,2017,350433,42776,11034,92425,33889,58536,103663,655009,33198,406373,137169,57893,79276,608,-304576
General government,Not consolidated,Opening balance sheet,2018,350954,48023,9843,93221,32294,60927,103649,630673,34275,387098,129067,52142,76925,656,-279719
General government,Not consolidated,Opening balance sheet,2019,353431,50928,11013,93493,29689,63804,103338,620580,37580,378150,122210,45017,77193,728,-267149
General government,Not consolidated,Opening balance sheet,2020,372696,57737,9854,92258,26456,65802,113300,621070,43882,373407,121706,42816,78890,843,-248374
General government,Not consolidated,Opening balance sheet,2021,408953,69523,9410,94920,25275,69645,109964,689689,49878,424850,115784,35540,80244,923,-280736
General government,Not consolidated,Opening balance sheet,2022,432822,76346,10379,94966,22746,72220,112941,716689,62985,430998,111198,29281,81917,1321,-283867
General government,Not consolidated,Opening balance sheet,2023,435532,92396,12084,101330,26174,75156,82303,675925,70841,383923,108230,24966,83264,1773,-240393
General government,Not consolidated,Opening balance sheet,2024,431889,95307,10285,84104,5299,78805,95423,679205,76664,393394,94556,10451,84105,2357,-247316
General government,Not consolidated,Opening balance sheet,2025*,477017,112061,12048,99796,3922,95874,109437,713107,96764,397013,94300,7569,86731,3104,-236090
General government,Not consolidated,Opening balance sheet,2026 1st quarter*,539555,131709,9789,113374,3918,109456,137867,757152,110070,408543,106476,18262,88214,3604,-217597
General government,Not consolidated,Opening balance sheet,2026 2nd quarter*,550178,131805,10559,119291,9946,109345,143128,762852,113971,403814,106262,18596,87666,3604,-212674
General government,Not consolidated,Financial transactions,2015,-11262,6243,-1008,-2698,-511,-2187,-4282,1290,7436,-10085,1784,-97,1881,30,-12552
General government,Not consolidated,Financial transactions,2016,-3255,4785,-541,-4313,-3036,-1277,-3067,-5936,5453,-3751,-5896,-5402,-494,22,2681
General government,Not consolidated,Financial transactions,2017,-3939,5199,-1334,945,-1530,2475,-5669,-14285,1077,-9495,-7889,-5644,-2245,42,10346
General government,Not consolidated,Financial transactions,2018,1854,2836,1100,321,-2613,2934,-197,-10100,3298,-8933,-6843,-7060,217,36,11954
General government,Not consolidated,Financial transactions,2019,7938,6848,-1321,-1290,-3233,1943,708,-7693,6302,-12694,-491,-2198,1707,120,15631
General government,Not consolidated,Financial transactions,2020,33923,11830,-363,2884,-1189,4073,-4577,64140,5996,46942,-5875,-7281,1406,68,-30217
General government,Not consolidated,Financial transactions,2021,22387,6801,942,19,-2529,2548,661,42616,13107,21555,-4609,-6285,1676,308,-20229
General government,Not consolidated,Financial transactions,2022,37311,16056,1955,6326,3428,2898,1372,37336,7856,30211,-2980,-4315,1335,555,-25
General government,Not consolidated,Financial transactions,2023,-16700,2915,-1841,-17180,-20875,3695,237,-13069,5823,-6961,-13663,-14515,852,622,-3631
General government,Not consolidated,Financial transactions,2024,29793,16584,1617,15584,-1377,16961,-733,37868,20100,7865,-351,-2882,2531,770,-8075
General government,Not consolidated,Financial transactions,2025*,34167,19648,-2136,13754,-4,13758,-297,53106,13306,20490,12195,10693,1502,500,-18939
General government,Not consolidated,Financial transactions,2026 1st quarter*,5094,96,772,5891,6028,-137,-291,8031,3901,-2388,-215,334,-549,0,-2937
General government,Not consolidated,Financial transactions,2026 2nd quarter*,2026,12779,637,-4404,-4754,350,-1070,7095,10891,13009,-10350,-10625,275,0,-5069
General government,Not consolidated,Other changes,2015,11877,-5,63,338,3,335,11408,-3381,0,-4479,1062,1057,5,1,15258
General government,Not consolidated,Other changes,2016,6468,-414,4,-3724,-59,-3665,7779,4660,0,4591,27,-14,41,-61,1808
General government,Not consolidated,Other changes,2017,4460,48,143,-149,-65,-84,5655,-10051,0,-9780,-213,-107,-106,6,14511
General government,Not consolidated,Other changes,2018,623,69,70,-49,8,-57,-114,7,7,-15,-14,-65,51,36,616
General government,Not consolidated,Other changes,2019,11327,-39,162,55,0,55,9254,8183,0,7951,-13,-3,-10,-5,3144
General government,Not consolidated,Other changes,2020,2334,-44,-81,-222,8,-230,1241,4479,0,4501,-47,5,-52,12,-2145
General government,Not consolidated,Other changes,2021,1482,22,27,27,0,27,2316,-15616,0,-15407,23,26,-3,90,17098
General government,Not consolidated,Other changes,2022,-34601,-6,-250,38,0,38,-32010,-78100,0,-77286,12,0,12,-103,43499
General government,Not consolidated,Other changes,2023,13057,-4,42,-46,0,-46,12883,16349,0,16432,-11,0,-11,-38,-3292
General government,Not consolidated,Other changes,2024,15335,170,146,108,0,108,14747,-3966,0,-4246,95,0,95,-23,19301
General government,Not consolidated,Other changes,2025*,28371,0,-123,-176,0,-176,28727,-9061,0,-8960,-19,0,-19,0,37432
General government,Not consolidated,Other changes,2026 1st quarter*,5529,0,-2,26,0,26,5552,-2331,0,-2341,1,0,1,0,7860
General government,Not consolidated,Other changes,2026 2nd quarter*,-1296,0,33,12,0,12,-1243,3849,0,3857,0,0,0,0,-5145
General government,Not consolidated,Price changes and revaluations,2015,11082,19,210,-3,0,-3,10730,-4513,0,-4534,48,0,48,1,15595
General government,Not consolidated,Price changes and revaluations,2016,10867,-10,8,4,0,4,7068,7064,0,6974,22,0,22,-4,3803
General government,Not consolidated,Price changes and revaluations,2017,4371,-24,-30,-5,0,-5,5655,-10067,0,-9780,-93,-30,-63,6,14438
General government,Not consolidated,Price changes and revaluations,2018,832,21,86,0,0,0,-102,-52,0,-15,-7,-21,14,6,884
General government,Not consolidated,Price changes and revaluations,2019,11400,0,152,3,0,3,9267,8239,0,7951,2,-1,3,-5,3161
General government,Not consolidated,Price changes and revaluations,2020,2649,0,-74,-122,0,-122,1248,4602,0,4501,-21,0,-21,12,-1953
General government,Not consolidated,Price changes and revaluations,2021,1558,0,61,54,0,54,2316,-15623,0,-15407,16,4,12,90,17181
General government,Not consolidated,Price changes and revaluations,2022,-34561,4,-250,45,0,45,-32027,-78065,0,-77286,7,0,7,-103,43504
General government,Not consolidated,Price changes and revaluations,2023,13069,-4,42,-54,0,-54,12888,16361,0,16432,-11,0,-11,-38,-3292
General government,Not consolidated,Price changes and revaluations,2024,15004,6,89,108,0,108,14705,-4217,0,-4246,3,0,3,-23,19221
General government,Not consolidated,Price changes and revaluations,2025*,28371,0,-123,-176,0,-176,28727,-9061,0,-8960,-19,0,-19,0,37432
General government,Not consolidated,Price changes and revaluations,2026 1st quarter*,5529,0,-2,26,0,26,5552,-2331,0,-2341,1,0,1,0,7860
General government,Not consolidated,Price changes and revaluations,2026 2nd quarter*,-1296,0,33,12,0,12,-1243,3849,0,3857,0,0,0,0,-5145
General government,Not consolidated,Other volume changes,2015,795,-24,-147,341,3,338,678,1132,0,55,1014,1057,-43,0,-337
General government,Not consolidated,Other volume changes,2016,-4399,-404,-4,-3728,-59,-3669,711,-2404,0,-2383,5,-14,19,-57,-1995
General government,Not consolidated,Other volume changes,2017,89,72,173,-144,-65,-79,0,16,0,0,-120,-77,-43,0,73
General government,Not consolidated,Other volume changes,2018,-209,48,-16,-49,8,-57,-12,59,7,0,-7,-44,37,30,-268
General government,Not consolidated,Other volume changes,2019,-73,-39,10,52,0,52,-13,-56,0,0,-15,-2,-13,0,-17
General government,Not consolidated,Other volume changes,2020,-315,-44,-7,-100,8,-108,-7,-123,0,0,-26,5,-31,0,-192
General government,Not consolidated,Other volume changes,2021,-76,22,-34,-27,0,-27,0,7,0,0,7,22,-15,0,-83
General government,Not consolidated,Other volume changes,2022,-40,-10,0,-7,0,-7,17,-35,0,0,5,0,5,0,-5
General government,Not consolidated,Other volume changes,2023,-12,0,0,8,0,8,-5,-12,0,0,0,0,0,0,0
General government,Not consolidated,Other volume changes,2024,331,164,57,0,0,0,42,251,0,0,92,0,92,0,80
General government,Not consolidated,Other volume changes,2025*,0,0,0,0,0,0,0,0,0,0,0,0,0,0,0
General government,Not consolidated,Other volume changes,2026 1st quarter*,0,0,0,0,0,0,0,0,0,0,0,0,0,0,0
General government,Not consolidated,Other volume changes,2026 2nd quarter*,0,0,0,0,0,0,0,0,0,0,0,0,0,0,0
General government,Not consolidated,Closing balance sheet,2015,347220,38405,11571,100462,36984,63478,98951,656285,27745,405533,143038,63309,79729,647,-309065
General government,Not consolidated,Closing balance sheet,2016,350433,42776,11034,92425,33889,58536,103663,655009,33198,406373,137169,57893,79276,608,-304576
General government,Not consolidated,Closing balance sheet,2017,350954,48023,9843,93221,32294,60927,103649,630673,34275,387098,129067,52142,76925,656,-279719
General government,Not consolidated,Closing balance sheet,2018,353431,50928,11013,93493,29689,63804,103338,620580,37580,378150,122210,45017,77193,728,-267149
General government,Not consolidated,Closing balance sheet,2019,372696,57737,9854,92258,26456,65802,113300,621070,43882,373407,121706,42816,78890,843,-248374
General government,Not consolidated,Closing balance sheet,2020,408953,69523,9410,94920,25275,69645,109964,689689,49878,424850,115784,35540,80244,923,-280736
General government,Not consolidated,Closing balance sheet,2021,432822,76346,10379,94966,22746,72220,112941,716689,62985,430998,111198,29281,81917,1321,-283867
General government,Not consolidated,Closing balance sheet,2022,435532,92396,12084,101330,26174,75156,82303,675925,70841,383923,108230,24966,83264,1773,-240393
General government,Not consolidated,Closing balance sheet,2023,431889,95307,10285,84104,5299,78805,95423,679205,76664,393394,94556,10451,84105,2357,-247316
General government,Not consolidated,Closing balance sheet,2024,477017,112061,12048,99796,3922,95874,109437,713107,96764,397013,94300,7569,86731,3104,-236090
General government,Not consolidated,Closing balance sheet,2025*,539555,131709,9789,113374,3918,109456,137867,757152,110070,408543,106476,18262,88214,3604,-217597
General government,Not consolidated,Closing balance sheet,2026 1st quarter*,550178,131805,10559,119291,9946,109345,143128,762852,113971,403814,106262,18596,87666,3604,-212674
General government,Not consolidated,Closing balance sheet,2026 2nd quarter*,550908,144584,11229,114899,5192,109707,140815,773796,124862,420680,95912,7971,87941,3604,-222888
Households including NPISHs,Not consolidated,Opening balance sheet,2015,2356326,407953,9682,10075,380,9695,474018,857509,,0,819323,45636,773687,,1498817
Households including NPISHs,Not consolidated,Opening balance sheet,2016,2467984,412837,8051,10189,503,9686,491561,871073,,0,832945,45754,787191,,1596911
Households including NPISHs,Not consolidated,Opening balance sheet,2017,2647629,422672,7527,9876,100,9776,530994,884428,,2,848994,45002,803992,,1763201
Households including NPISHs,Not consolidated,Opening balance sheet,2018,2651207,429407,7271,10070,95,9975,547027,903910,,4,869087,45391,823696,,1747297
Households including NPISHs,Not consolidated,Opening balance sheet,2019,2701635,437818,7009,10582,341,10241,548719,922631,,6,889357,45498,843859,,1779004
Households including NPISHs,Not consolidated,Opening balance sheet,2020,3013055,461623,7152,10728,73,10655,581623,943970,,8,909852,46126,863726,,2069085
Households including NPISHs,Not consolidated,Opening balance sheet,2021,3298983,506007,7166,11223,230,10993,618865,968394,,10,937237,47403,889834,,2330589
Households including NPISHs,Not consolidated,Opening balance sheet,2022,3318148,541854,6702,11764,433,11331,704163,1003533,,10,972453,44503,927950,,2314615
Households including NPISHs,Not consolidated,Opening balance sheet,2023,2947275,576698,6415,12407,596,11811,708568,1046456,,10,1009411,45483,963928,,1900819
Households including NPISHs,Not consolidated,Opening balance sheet,2024,3157246,600118,7329,12892,840,12052,749150,1058932,,10,1016443,47310,969133,,2098314
Households including NPISHs,Not consolidated,Opening balance sheet,2025*,3363908,634096,7692,13159,724,12435,805732,1096858,,10,1056255,49382,1006873,,2267050
Households including NPISHs,Not consolidated,Opening balance sheet,2026 1st quarter*,3285678,678041,7639,13509,686,12823,867385,1146529,,10,1105398,52100,1053298,,2139149
Households including NPISHs,Not consolidated,Opening balance sheet,2026 2nd quarter*,3455043,685169,8702,13673,760,12913,879944,1157679,,10,1117977,52912,1065065,,2297364
Households including NPISHs,Not consolidated,Financial transactions,2015,32516,4728,-1586,112,123,-11,7799,14509,,0,14382,394,13988,,18007
Households including NPISHs,Not consolidated,Financial transactions,2016,33904,9524,-636,-310,-403,93,11034,13521,,2,16148,-447,16595,,20383
Households including NPISHs,Not consolidated,Financial transactions,2017,27221,7113,-544,195,-5,200,3007,20626,,2,20612,620,19992,,6595
Households including NPISHs,Not consolidated,Financial transactions,2018,25623,8343,-2,510,246,264,-692,18805,,2,19990,208,19782,,6818
Households including NPISHs,Not consolidated,Financial transactions,2019,35036,23726,-212,146,-268,414,-9352,21587,,2,20743,804,19939,,13449
Households including NPISHs,Not consolidated,Financial transactions,2020,66728,44621,145,495,157,338,342,24964,,2,27638,1469,26169,,41764
Households including NPISHs,Not consolidated,Financial transactions,2021,72620,35609,-349,541,203,338,16331,35257,,0,35299,-2824,38123,,37363
Households including NPISHs,Not consolidated,Financial transactions,2022,57952,34471,574,643,163,480,-3922,43059,,0,37065,1104,35961,,14893
Households including NPISHs,Not consolidated,Financial transactions,2023,36351,23608,1251,23,-218,241,-16156,12570,,0,7114,1920,5194,,23781
Households including NPISHs,Not consolidated,Financial transactions,2024,68690,33847,200,267,-116,383,-788,38044,,0,39926,2166,37760,,30646
Households including NPISHs,Not consolidated,Financial transactions,2025*,85844,44225,-21,350,-38,388,9336,49826,,0,49285,2811,46474,,36018
Households including NPISHs,Not consolidated,Financial transactions,2026 1st quarter*,136695,7080,1171,164,74,90,1516,11160,,0,12594,827,11767,,125535
Households including NPISHs,Not consolidated,Financial transactions,2026 2nd quarter*,40695,20701,308,-29,-124,95,9953,16415,,0,13514,851,12663,,24280
Households including NPISHs,Not consolidated,Other changes,2015,79142,156,-45,2,0,2,9744,-945,,0,-760,-276,-484,,80087
Households including NPISHs,Not consolidated,Other changes,2016,145741,311,112,-3,0,-3,28399,-166,,0,-99,-305,206,,145907
Households including NPISHs,Not consolidated,Other changes,2017,-23643,-378,288,-1,0,-1,13026,-1144,,0,-519,-231,-288,,-22499
Households including NPISHs,Not consolidated,Other changes,2018,24805,68,-260,2,0,2,2384,-84,,0,280,-101,381,,24889
Households including NPISHs,Not consolidated,Other changes,2019,276384,79,355,0,0,0,42256,-248,,0,-248,-176,-72,,276632
Households including NPISHs,Not consolidated,Other changes,2020,219200,-237,-131,0,0,0,36900,-540,,0,-253,-192,-61,,219740
Households including NPISHs,Not consolidated,Other changes,2021,-53455,238,-115,0,0,0,68967,-118,,0,-83,-76,-7,,-53337
Households including NPISHs,Not consolidated,Other changes,2022,-428825,373,-861,0,0,0,8327,-136,,0,-107,-124,17,,-428689
Households including NPISHs,Not consolidated,Other changes,2023,173620,-188,-337,462,462,0,56738,-94,,0,-82,-93,11,,173714
Households including NPISHs,Not consolidated,Other changes,2024,137972,131,163,0,0,0,57370,-118,,0,-114,-94,-20,,138090
Households including NPISHs,Not consolidated,Other changes,2025*,-164074,-280,-32,0,0,0,52317,-155,,0,-142,-93,-49,,-163919
Households including NPISHs,Not consolidated,Other changes,2026 1st quarter*,32670,48,-108,0,0,0,11043,-10,,0,-15,-15,0,,32680
Households including NPISHs,Not consolidated,Other changes,2026 2nd quarter*,78899,26,-10,0,0,0,32181,-11,,0,-30,-23,-7,,78910
Households including NPISHs,Not consolidated,Price changes and revaluations,2015,76332,155,-45,4,0,4,9744,-101,,0,46,22,24,,76433
Households including NPISHs,Not consolidated,Price changes and revaluations,2016,141022,62,112,0,0,0,28399,-53,,0,11,3,8,,141075
Households including NPISHs,Not consolidated,Price changes and revaluations,2017,-25486,-378,288,0,0,0,13026,-681,,0,-75,-20,-55,,-24805
Households including NPISHs,Not consolidated,Price changes and revaluations,2018,35657,68,-260,0,0,0,7152,-129,,0,43,22,21,,35786
Households including NPISHs,Not consolidated,Price changes and revaluations,2019,279580,79,355,0,0,0,42256,79,,0,37,20,17,,279501
Households including NPISHs,Not consolidated,Price changes and revaluations,2020,253541,-237,-131,0,0,0,36853,-172,,0,-15,-2,-13,,253713
Households including NPISHs,Not consolidated,Price changes and revaluations,2021,-53455,238,-115,0,0,0,68967,5,,0,28,8,20,,-53460
Households including NPISHs,Not consolidated,Price changes and revaluations,2022,-440653,373,-865,0,0,0,8003,-2,,0,10,0,10,,-440651
Households including NPISHs,Not consolidated,Price changes and revaluations,2023,175110,-188,-30,462,462,0,57920,7,,0,14,-4,18,,175103
Households including NPISHs,Not consolidated,Price changes and revaluations,2024,138383,131,445,0,0,0,57506,-1,,0,3,4,-1,,138384
Households including NPISHs,Not consolidated,Price changes and revaluations,2025*,-163885,-280,153,0,0,0,52321,-28,,0,-15,-13,-2,,-163857
Households including NPISHs,Not consolidated,Price changes and revaluations,2026 1st quarter*,32810,48,-70,0,0,0,11145,12,,0,7,4,3,,32798
Households including NPISHs,Not consolidated,Price changes and revaluations,2026 2nd quarter*,78861,26,-31,0,0,0,32164,20,,0,1,2,-1,,78841
Households including NPISHs,Not consolidated,Other volume changes,2015,2810,1,0,-2,0,-2,0,-844,,0,-806,-298,-508,,3654
Households including NPISHs,Not consolidated,Other volume changes,2016,4719,249,0,-3,0,-3,0,-113,,0,-110,-308,198,,4832
Households including NPISHs,Not consolidated,Other volume changes,2017,1843,0,0,-1,0,-1,0,-463,,0,-444,-211,-233,,2306
Households including NPISHs,Not consolidated,Other volume changes,2018,-10852,0,0,2,0,2,-4768,45,,0,237,-123,360,,-10897
Households including NPISHs,Not consolidated,Other volume changes,2019,-3196,0,0,0,0,0,0,-327,,0,-285,-196,-89,,-2869
Households including NPISHs,Not consolidated,Other volume changes,2020,-34341,0,0,0,0,0,47,-368,,0,-238,-190,-48,,-33973
Households including NPISHs,Not consolidated,Other volume changes,2021,0,0,0,0,0,0,0,-123,,0,-111,-84,-27,,123
Households including NPISHs,Not consolidated,Other volume changes,2022,11828,0,4,0,0,0,324,-134,,0,-117,-124,7,,11962
Households including NPISHs,Not consolidated,Other volume changes,2023,-1490,0,-307,0,0,0,-1182,-101,,0,-96,-89,-7,,-1389
Households including NPISHs,Not consolidated,Other volume changes,2024,-411,0,-282,0,0,0,-136,-117,,0,-117,-98,-19,,-294
Households including NPISHs,Not consolidated,Other volume changes,2025*,-189,0,-185,0,0,0,-4,-127,,0,-127,-80,-47,,-62
Households including NPISHs,Not consolidated,Other volume changes,2026 1st quarter*,-140,0,-38,0,0,0,-102,-22,,0,-22,-19,-3,,-118
Households including NPISHs,Not consolidated,Other volume changes,2026 2nd quarter*,38,0,21,0,0,0,17,-31,,0,-31,-25,-6,,69
Households including NPISHs,Not consolidated,Closing balance sheet,2015,2467984,412837,8051,10189,503,9686,491561,871073,,0,832945,45754,787191,,1596911
Households including NPISHs,Not consolidated,Closing balance sheet,2016,2647629,422672,7527,9876,100,9776,530994,884428,,2,848994,45002,803992,,1763201
Households including NPISHs,Not consolidated,Closing balance sheet,2017,2651207,429407,7271,10070,95,9975,547027,903910,,4,869087,45391,823696,,1747297
Households including NPISHs,Not consolidated,Closing balance sheet,2018,2701635,437818,7009,10582,341,10241,548719,922631,,6,889357,45498,843859,,1779004
Households including NPISHs,Not consolidated,Closing balance sheet,2019,3013055,461623,7152,10728,73,10655,581623,943970,,8,909852,46126,863726,,2069085
Households including NPISHs,Not consolidated,Closing balance sheet,2020,3298983,506007,7166,11223,230,10993,618865,968394,,10,937237,47403,889834,,2330589
Households including NPISHs,Not consolidated,Closing balance sheet,2021,3318148,541854,6702,11764,433,11331,704163,1003533,,10,972453,44503,927950,,2314615
Households including NPISHs,Not consolidated,Closing balance sheet,2022,2947275,576698,6415,12407,596,11811,708568,1046456,,10,1009411,45483,963928,,1900819
Households including NPISHs,Not consolidated,Closing balance sheet,2023,3157246,600118,7329,12892,840,12052,749150,1058932,,10,1016443,47310,969133,,2098314
Households including NPISHs,Not consolidated,Closing balance sheet,2024,3363908,634096,7692,13159,724,12435,805732,1096858,,10,1056255,49382,1006873,,2267050
Households including NPISHs,Not consolidated,Closing balance sheet,2025*,3285678,678041,7639,13509,686,12823,867385,1146529,,10,1105398,52100,1053298,,2139149
Households including NPISHs,Not consolidated,Closing balance sheet,2026 1st quarter*,3455043,685169,8702,13673,760,12913,879944,1157679,,10,1117977,52912,1065065,,2297364
Households including NPISHs,Not consolidated,Closing balance sheet,2026 2nd quarter*,3574637,705896,9000,13644,636,13008,922078,1174083,,10,1131461,53740,1077721,,2400554
